﻿<?xml version="1.0" encoding="utf-8" standalone="no" ?>
<ASEGlobals>
    <aiSteering type="float" value="1.000000" />
    <aiSteeringD type="float" value="-0.2500000" />
    <artSteering type="float" value="1.000000" />
    <artSteeringD type="float" value="-0.250000" />
    <!--angleSafety type="float" value="0.800000" /-->
    <angleSafety type="float" value="0.8" />
    <artAxisMode value="5" />
    <artAxisRot type="float" value="1.000000" />
    <artAxisShift type="float" value="1.000000" />
    <average type="float" value="1" />
    <!--angleStep type="degree" value="15" /-->
		
    <angleStep    type="degree" value="0" />
    <angleStepInc type="degree" value="3" /> <!-- 27° / 45° -->
    <angleStepDec type="degree" value="0.2" /> <!-- 0.2 => reduce by 10° per 50m -->
		<fixAngleStep type="bool" value="true"/>
		
    <angleFactorInside type="float" value="1.0" /> <!-- 2x3° with fix attacher / 2x6° with trailer or trailer_low -->
    <angleFactorNoFix type="float" value="1.0" /> <!-- 2x3° with fix attacher / 2x6° with trailer or trailer_low -->
    <chainDivide0 value="12" />
    <chainDivide value="8" />
    <chainDivide2 value="2" />
		<chainMinStepDist type="float" value="0.2"/>
		<staticRoot type="bool" value="true" />
		
    <chainLen   type="vector" value="1 1.5 1.5 2 3 3 3 3 3 3 3 3 3"/>--> <!-- with fix attacher: 31 m (6+9+9+9)-->      
		<chainStep0 type="vector" value="4 3 3 3 3 3 3 3 3 3 3 2 1"/>-->
		<chainStep1 value="2"/>                                      -->
		<chainStep2 value="0"/>                                      -->

    <!--chainLen   type="vector" value="1 1 1 1.5 1.5 1.5 1.5 1.5 1.5 2 2 2 2 2 2 2 2 2"/>--> <!-- with fix attacher: 30 m (4.5+7.5+8+10)-->      
		<!--chainStep0 type="vector" value="4 4 4 4 5 5 5 5 5 4 4 4 4 5 4 3 2 1"/>            -->
		<!--chainStep1 value="3"/>                                                            -->
		<!--chainStep2 value="0"/>                                                            -->
		
    <chain2Len   type="vector" value="3 3 3 3 3 3 5 5 5 5 5 5"/> <!-- with trailer or trailer_low: 48 m (9+9+15+15)-->	
		<chain2Step0 type="vector" value="3 3 3 3 3 3 3 3 3 3 2 1"/>
		<chain2Step1 value="2"/>
		<chain2Step2 value="0"/>
		
    <!--chain2Len   type="vector" value="3 3 3 3 3 3 3 3 3 3 4 4 4 4 4"/>--> <!-- with trailer or trailer_low: 50 m (9+9+12+20)-->	
		<!--chain2Step0 type="vector" value="3 3 3 3 3 3 4 4 4 4 5 4 3 2 1"/>-->
		<!--chain2Step1 value="3"/>                                          -->
		<!--chain2Step2 value="0"/>                                          -->
		
		<procAngleMode value="0"/>
		
    <chainMin    value="8" />
    <chainBorder value="4" />
    <chainAvg    value="3" />
		
		<chainStart value="1" />
		<checkAllDist value="1" />
		<chainAvgFix type="bool" value="true" />
		<shiftFixZ type="bool" value="false" />
		<colliMask type="bool" value="true" />
		<colliStep type="float" value="0.2" />
		<ignoreDist type="float" value="1.5" />
    <maxLooking type="degree" value="30" />
    <minLooking type="degree" value="2" />
    <minLkgFactor type="float" value="0.15" />
    <maxRotationC type="degree" value="60" />
    <maxRotationU type="degree" value="30" />
		<minRadius type="float" value="5" />
    <minLength type="float" value="0.25" />
    <minMidDist type="float" value="1.0" />
    <offtracking value="1" />
    <reverseDir type="bool" value="false" />
    <roueSupport type="bool" value="false" />
		
		<zeroWidth type="bool" value="false" />
		<fruitIgnoreSq type="float" value="1" />
		<chainIgnoreSq type="float" value="4" />
		
    <stepLog2 value="3" />
    <yieldCount value="1000" />
		
    <!--widthDec type="float" value="0.0050000" /-->
    <widthDec type="float" value="0.01" />
    <widthMaxDec type="float" value="3" />
		
		<zeroAngle  type="bool" value="true" />
		<zeroAngle2 type="bool" value="false" />
		
		<getIsHired type="bool" value="true" />
		
		<widthOffset type="float" value="1" />
		<testOutside type="float" value="0.2" />
		
		<angleOffset type="degree" value="0" />
		<smoothFactor type="float" value="0.2" />
		<smoothMax type="float" value="0" /> <!-- 0.45 -->
		<limitOutside type="bool" value="true" />
		<limitInside type="bool" value="true" />

		<maxDtSumT value="100"/>
		<maxDtSum  value="0" /> <!-- 10 fps => 100 ms -->
		<maxDtDist type="float" value="0.077284" /> <!-- 10 km/h => 2.78 m/s => 0.278 m @ 10 fps; square-->
		<maxDtAngle type="float" value="0.3" />
		
		<maxDetectDt value="2000"/>
		<maxDetectZ0 value="4.2"/> <!-- 15 km/h = 4.2 m/s => re-calculate once every second -->
		<maxDetectZ1 value="0.2"/> <!--  7 km/h = 1.9 m/s => re-calculate 10 times per second -->
		<maxDetectMin type="float" value="-0.05"/>
		<maxDetectMax type="float" value="0.2"/>
		<maxDetectBack value="2"/>
		
		<ploughTransport value="0"/>
		
		<maxSpeed type="float" value="15"/>
		<maxTurnCheck type="float" value="15"/>		
		<maxToolAngle type="degree" value="60" />
		<maxToolAngle2 type="degree" value="30" />
		<maxToolAngleF type="float" value="0.2" />
		<enableAUTurn type="bool" value="true" />
		<enableYUTurn type="bool" value="false" />
		<enableKUTurn type="bool" value="false" />
		<aiRescueDistSq type="float" value="1600" />
		<raiseNoFruits type="bool" value="false" />
		<lowerAdvance type="float" value="2" />
		
		<borderBuffer type="bool" value="true" />
</ASEGlobals>