﻿<?xml version="1.0" encoding="utf-8" standalone="no" ?>
<ASEGlobals>
    <aiSteering type="float" value="1.000000" />
    <aiSteeringD type="float" value="-0.2500000" />
    <artSteering type="float" value="1.000000" />
    <artSteeringD type="float" value="-0.250000" />
		<angleOutsideFactor type="float" value="1" />
		<angleInsideFactor  type="float" value="1" />
		<angleInsideFactor2 type="float" value="1" />
    <!--angleSafety type="float" value="0.800000" /-->
    <angleSafety type="float" value="0.8" />
    <artAxisMode value="5" />
    <artAxisRot type="float" value="1.000000" />
    <artAxisShift type="float" value="1.000000" />
    <average type="float" value="1" />
    <!--angleStep type="degree" value="15" /-->
    <angleStep type="degree" value="4" />
    <angleStepDec type="degree" value="0.05" /> <!-- reduce by 1° per 20m -->
    <angleFactorNoFix type="float" value="2" />
    <chainDivide value="7" />
    <chainDivide2 value="4" />
    <chainSplit value="0" />
		<staticRoot type="bool" value="false" />
    <chainLen     type="float" value="1.5" />
    <chainLenInc  type="float" value="2.0" />
    <chainLenMax  type="float" value="99" />
    <chain2Len    type="float" value="4.0" />
    <chain2LenInc type="float" value="2.0" />
    <chain2LenMax type="float" value="99" />
    <chainMax value="6" />
    <chainFix value="6" />
    <chainMin value="1" />
    <chainAvg value="1" />
		<chainBorder value="1" />
		<chainStart value="1" />
		<maxDetectWidth value="10" />
		<maxDetectWidth2 value="10" />
		<lookAhead value="0" />
		<lookAheadFix value="0" />
		<checkAllDist value="0" />
		<stepBack value="99" />
		<chainAvgFix type="bool" value="true" />
		<shiftFixZ type="bool" value="false" />
		<colliMask type="bool" value="true" />
		<colliStep type="float" value="0.200000" />
		<ignoreDist type="float" value="1.5" />
    <maxLooking type="degree" value="30" />
    <minLooking type="degree" value="3" />
    <maxRotationC type="degree" value="45" />
    <maxRotationU type="degree" value="30" />
		<minRadius type="float" value="5" />
    <minLength type="float" value="0.25" />
    <minMidDist type="float" value="1.0" />
    <offtracking value="2" />
    <reverseDir type="bool" value="false" />
    <roueSupport type="bool" value="false" />
		
		<zeroWidth type="bool" value="false" />
		<fruitIgnoreSq type="float" value="1" />
		<chainIgnoreSq type="float" value="4" />
		
    <stepLog2 value="1" />
    <yieldCount value="1000" />
		
    <!--widthDec type="float" value="0.0050000" /-->
    <widthDec type="float" value="0.01" />
    <widthMaxDec type="float" value="3" />
		
		<zeroAngle type="bool" value="true" />
		
		<getIsHired type="bool" value="true" />
		<widthOffset type="float" value="0.8" />
		<angleOffset type="degree" value="0" />
		<smoothFactor type="float" value="0.2" />
		<smoothMax type="float" value="0.45" />
		<limitOutside type="bool" value="true" />
		<limitInside type="bool" value="true" />

		<!--maxDtSum value="65" /--> <!-- 10 fps => 100 ms divide by 1.5 for statistics reason => dt=66.67 ms  -->
		<!--maxDtDist type="float" value="0.03434844" /--> <!-- 10 km/h => 2.78 m/s => 0.278 m @ 10 fps; divide by 1.5 and square-->
		<maxDtSumT value="250" /> <!-- 10 fps => 100 ms -->
		<maxDtSum value="100" /> <!-- 10 fps => 100 ms -->
		<maxDtDist type="float" value="0.077284" /> <!-- 10 km/h => 2.78 m/s => 0.278 m @ 10 fps; square-->
		<ploughTransport type="bool" value="false" />
		<maxSpeed type="float" value="15"/>
		<maxTurnCheck type="float" value="15"/>		
		<maxToolAngle type="degree" value="60" />
		<maxToolAngle2 type="degree" value="30" />
		<maxToolAngleF type="float" value="0.2" />
		<enableYUTurn type="bool" value="false" />
		<aiRescueDistSq type="float" value="1600" />
		<raiseNoFruits type="bool" value="false" />
		<lowerAdvance type="float" value="2" />
</ASEGlobals>