﻿<?xml version="1.0" encoding="utf-8" standalone="no" ?>
<ASEGlobals>
    <aiSteering type="float" value="1.000000" />
    <aiSteeringD type="float" value="-0.2500000" />
    <artSteering type="float" value="1.000000" />
    <artSteeringD type="float" value="-0.250000" />
    <!--angleSafety type="float" value="0.800000" /-->
    <angleSafety type="float" value="0.8" />
    <artAxisMode value="5" />
    <artAxisRot type="float" value="1.000000" />
    <artAxisShift type="float" value="1.000000" />
    <average type="float" value="1" />
    <!--angleStep type="degree" value="15" /-->
		
    <angleStep    type="degree" value="0" />
    <angleStepInc type="degree" value="30" /> <!-- 27° / 45° -->
    <angleStepDec type="degree" value="1" /> <!-- 0.2 => reduce by 10° per 10m -->
		<fixAngleStep type="bool" value="true"/>
		
    <angleFactorInside type="float" value="1.0" /> <!-- 2x3° with fix attacher / 2x6° with trailer or trailer_low -->
    <angleFactorNoFix type="float" value="1.0" /> <!-- 2x3° with fix attacher / 2x6° with trailer or trailer_low -->
    <chainDivideIn  value="8" />
    <chainDivideOut value="16" />
		<staticRoot type="bool" value="false" />
		
    <!--                                             1 1 2 2 3 3 4 4 5-->
    <!--                             1 2 3 4.7 6.7 9 2 6 0 5 0 5 0 5 0-->
    <!--                             1 2 3  4  5  6  7 8 9 0 1 2 3 4 5-->
    <chainLen   type="vector" value="1 1 1 1.7 2 2.3 3 4 4 5 5 5 5 5 5"/> 
		<chainStep0 value="2"/>                             
		<chainStep1 value="6"/>                             
		<chainStep2 value="11"/>    
	
    <!--                                    1 1 2 2 3 3 4 4 5 6 6-->
    <!--                              3 6 9 2 5 0 5 0 5 0 5 0 5 0-->
    <!--                              1 2 3 4 5 6 7 8 9 0 1 2 3 4-->
    <chain2Len   type="vector" value="3 3 3 3 3 5 5 5 5 5 5 5 5 5"/> 
		<chain2Step0 value="1"/>
		<chain2Step1 value="3"/>
		<chain2Step2 value="12"/>
		
    <chainBorder value="1" />
    <offtracking value="2" />
		
		<correctionIn  type="float" value="0.8" />
		<correctionOut type="float" value="1.2" />
		
		<chainStart value="1" />
		<shiftFixZ type="bool" value="false" />
		<colliMask type="bool" value="true" />
		<colliStep type="float" value="0.2" />
		<ignoreDist type="float" value="1.5" />
    <maxLooking type="degree" value="30" />
    <minLooking type="degree" value="2" />
    <minLkgFactor type="float" value="0.15" />
    <maxRotationC type="degree" value="60" />
    <maxRotationU type="degree" value="30" />
		<minRadius type="float" value="5" />
    <minLength type="float" value="0.25" />
    <minMidDist type="float" value="1.0" />
    <reverseDir type="bool" value="false" />
    <roueSupport type="bool" value="false" />
		
		<zeroWidth type="bool" value="false" />
		<fruitIgnoreSq type="float" value="1" />
		<chainIgnoreSq type="float" value="4" />
		
    <stepLog2 value="2" />
    <yieldCount value="2500" />
		
    <!--widthDec type="float" value="0.0050000" /-->
    <widthDec type="float" value="0.01" />
    <widthMaxDec type="float" value="3" />
		
		<zeroAngle  type="bool" value="true" />
		<zeroAngle2 type="bool" value="true" />
		
		<getIsHired type="bool" value="true" />
		
		<widthOffset type="float" value="1" />
		<testOutside type="float" value="0.4" />
		
		<angleOffset type="degree" value="0" />
		<smoothFactor type="float" value="0.2" />
		<smoothMax type="float" value="0" /> <!-- 0.45 -->
		<limitOutside type="bool" value="false" />
		<limitInside type="bool" value="false" />

		<maxDtSumT value="100"/>
		<maxDtSum  value="100" /> <!-- 10 fps => 100 ms -->
		<maxDtDist type="float" value="0.077284" /> <!-- 10 km/h => 2.78 m/s => 0.278 m @ 10 fps; square-->
		<maxDtAngle type="float" value="0.3" />
		
		<maxDetectDt value="2000"/>
		<maxDetectZ0  type="float" value="4.2"/> <!-- 15 km/h = 4.2 m/s => re-calculate once every second -->
		<maxDetectZ1  type="float" value="0.2"/> <!--  7 km/h = 1.9 m/s => re-calculate 10 times per second -->
		<maxDetectZ2  type="float" value="0.0"/> <!-- start of coroutine -->
		<maxDetectZ3  type="float" value="2.0"/> <!-- shift of coroutine -->
		<!--maxDetectMin type="float" value="-0.1"/>
		<maxDetectMax type="float" value="0.3"/-->
		<maxDetectMin type="float" value="-0.2"/>
		<maxDetectMax type="float" value="0.5"/>
		
		<ploughTransport value="0"/>
		
		<maxSpeed type="float" value="15"/>
		<maxTurnCheck type="float" value="15"/>		
		<maxToolAngle type="degree" value="60" />
		<maxToolAngle2 type="degree" value="30" />
		<maxToolAngleF type="float" value="0.1" />
		<enableAUTurn type="bool" value="true" />
		<enableYUTurn type="bool" value="false" />
		<enableKUTurn type="bool" value="false" />
		<aiRescueDistSq type="float" value="1600" />
		<raiseNoFruits type="bool" value="false" />
		<lowerAdvance type="float" value="2" />
		
		<borderBuffer type="bool" value="true" />
		
		<angleFactor  type="float" value="0.4" />
		<angleFactorC type="float" value="0.8" />

		<pointSteps    type="int"   value="100"/>
		<pointDist     type="float" value="2.0"/>
		<pointOutside  type="float" value="1.0"/>
		<pointInside   type="float" value="1.0"/>
		<pointTargetIn type="float" value="1.0"/>
		<pointTargetID type="float" value="0.0"/>
		<pointCount    type="int"   value="10"/>
		<pointCountInc type="int"   value="1"/>
		<pointCountMax type="int"   value="15"/>
		
</ASEGlobals>