<?xml version="1.0" encoding="utf-8" standalone="no" ?>
<modDesc descVersion="23">
	<author>Mogli</author>
	<version>2.0.90.1</version>
	<title>
		<en>Auto Tractor</en>
		<de>Auto Traktor</de>
	</title>
	<description>
		<en>
			<![CDATA[Auto Tractor]]></en>
		<de>
			<![CDATA[Auto Traktor]]></de>
		<fr>
			<![CDATA[Auto Tractor - French traduction by Waylan]]></fr>
		<it>
			<![CDATA[Auto Tractor - Traduzione italiana by Cristiano Magro]]></it>
		<ru>
			<![CDATA[Auto Tractor - умный тракторист. Перевод Gonimy Vetrom]]></ru>
	</description>
	<iconFilename>dds/store.dds</iconFilename>
	<multiplayer supported="true"/>

	<extraSourceFiles>
		<sourceFile filename="register.lua"/>
	</extraSourceFiles>

	<inputBindings>
		<input name="AUTO_TRACTOR_HELPPANEL" 	     category="VEHICLE" key1="KEY_5" 	         key2="" button="" device="0" mouse="" visible="false" />
		<input name="AUTO_TRACTOR_STEER"           category="VEHICLE" key1="KEY_lctrl KEY_6" key2="" button="" device="0" mouse="" visible="false" />
		<input name="AUTO_TRACTOR_SWAP_SIDE"       category="VEHICLE" key1="KEY_6"           key2="" button="" device="0" mouse="" visible="false" />
		<input name="AUTO_TRACTOR_ENABLE"          category="VEHICLE" key1="KEY_lctrl KEY_5" key2="" button="" device="0" mouse="" visible="false" />
		<input name="AUTO_TRACTOR_UTURN_ON_OFF"    category="VEHICLE" key1="KEY_lalt KEY_5"  key2="" button="" device="0" mouse="" />
		<input name="AUTO_TRACTOR_STEERING"        category="VEHICLE" key1="KEY_lalt KEY_6"  key2="" button="" device="0" mouse="" />
		<input name="AUTO_TRACTOR_RAISE"           category="VEHICLE" key1="KEY_lalt KEY_v"  key2="" button="" device="0" mouse="" />
	</inputBindings>

	<l10n filenamePrefix="modDesc_l10n">
		<text name="AUTO_TRACTOR_VERSION">
			<en>AutoTractor v2.1 b11</en>
			<de>AutoTractor v2.1 b11</de>
		</text>
	</l10n>
</modDesc>