<?xml version="1.0" encoding="utf-8" standalone="no" ?>
<modDesc descVersion="23">
	<author>Mogli</author>
	<version>2.0.9.3</version>
	<title>
		<en>Auto Tractor</en>
		<de>Auto Traktor</de>
	</title>
	<description>
		<en>
			<![CDATA[Auto Tractor]]></en>
		<de>
			<![CDATA[Auto Traktor]]></de>
		<fr>
			<![CDATA[Auto Tractor - French traduction by Waylan]]></fr>
		<it>
			<![CDATA[Auto Tractor - Traduzione italiana by Cristiano Magro]]></it>
	</description>
	<iconFilename>dds/store.dds</iconFilename>
	<multiplayer supported="true"/>

	<extraSourceFiles>
		<sourceFile filename="register.lua"/>
	</extraSourceFiles>

	<inputBindings>
		<input name="AUTO_TRACTOR_HELPPANEL" 	  category="VEHICLE" key1="KEY_5" 	        key2="" button="" device="0" mouse="" visible="false" />
		<input name="AUTO_TRACTOR_STEER"        category="VEHICLE" key1="KEY_lctrl KEY_6" key2="" button="" device="0" mouse="" visible="false" />
		<input name="AUTO_TRACTOR_SWAP_SIDE"    category="VEHICLE" key1="KEY_6"           key2="" button="" device="0" mouse="" visible="false" />
		<input name="AUTO_TRACTOR_ENABLE"       category="VEHICLE" key1="KEY_lctrl KEY_5" key2="" button="" device="0" mouse="" visible="false" />
	</inputBindings>

	<l10n filenamePrefix="modDesc_l10n">
		<text name="AUTO_TRACTOR_VERSION">
			<en>AutoTractor v2.1 b3</en>
			<de>AutoTractor v2.1 b3</de>
			<fr>AutoTractor v2.1 b3</fr>
			<it>AutoTractor v2.1 b3</it>
		</text>
	</l10n>
</modDesc>