<?xml version="1.0" encoding="utf-8" standalone="no" ?>
<modDesc descVersion="23">
	<author>Mogli</author>
	<version>2.6.0.0</version>
	<l10n filenamePrefix="modDesc_l10n">
		<text name="AUTO_TRACTOR_VERSION">
			<en>AutoTractor v2.6</en>
			<de>AutoTractor v2.6</de>
		</text>
	</l10n>
	<title>
		<en>Auto Tractor</en>
		<de>Auto Traktor</de>
		<fr>Auto Tractor</fr>
		<it>Auto Tractor</it>
		<ru>Auto Tractor</ru>
		<cz>Auto Tractor</cz>
		<pl>Auto Tractor</pl>
	</title>
	<description>
		<en>
			<![CDATA[Auto Tractor]]></en>
		<de>
			<![CDATA[Auto Traktor]]></de>
		<fr>
			<![CDATA[Auto Tractor - French traduction by Waylan]]></fr>
		<it>
			<![CDATA[Auto Tractor - Traduzione italiana by Cristiano Magro]]></it>
		<ru>
			<![CDATA[Auto Tractor - умный тракторист. Перевод Gonimy Vetrom]]></ru>
		<cz>
			<![CDATA[Auto Tractor - český překlad by Albi]]></cz>
		<pl>
			<![CDATA[Auto Tractor - Polskie tłumaczenie Dzi4d3k]]></pl>
	</description>
	<iconFilename>dds/store.dds</iconFilename>
	<multiplayer supported="true"/>

	<extraSourceFiles>
		<sourceFile filename="register.lua"/>
	</extraSourceFiles>

	<inputBindings>
		<input name="AUTO_TRACTOR_HELPPANEL" 	     category="VEHICLE" key1="KEY_5" 	         key2="" button="" device="0" mouse="" visible="false" />
		<input name="AUTO_TRACTOR_STEER"           category="VEHICLE" key1="KEY_lctrl KEY_6" key2="" button="" device="0" mouse="" visible="false" />
		<input name="AUTO_TRACTOR_SWAP_SIDE"       category="VEHICLE" key1="KEY_6"           key2="" button="" device="0" mouse="" visible="false" />
		<input name="AUTO_TRACTOR_ENABLE"          category="VEHICLE" key1="KEY_lctrl KEY_5" key2="" button="" device="0" mouse="" visible="false" />
		<input name="AUTO_TRACTOR_UTURN_ON_OFF"    category="VEHICLE" key1="KEY_lalt KEY_5"  key2="" button="" device="0" mouse="" />
		<input name="AUTO_TRACTOR_STEERING"        category="VEHICLE" key1="KEY_lalt KEY_6"  key2="" button="" device="0" mouse="" />
		<input name="AUTO_TRACTOR_RAISE"           category="VEHICLE" key1="KEY_lalt KEY_v"  key2="" button="" device="0" mouse="" />
	</inputBindings>
</modDesc>
