<?xml version="1.0" encoding="utf-8" standalone="no" ?>
<modDesc descVersion="23">
	<author>Mogli</author>
	<version>2.0.9.0</version>
	<title>
		<en>Auto Tractor</en>
		<de>Auto Traktor</de>
	</title>
	<description>
		<en>
			<![CDATA[Auto Tractor]]></en>
		<de>
			<![CDATA[Auto Traktor]]></de>
		<fr>
			<![CDATA[Auto Tractor - French traduction by Waylan]]></fr>
	</description>
	<iconFilename>dds/store.dds</iconFilename>
	<multiplayer supported="true"/>

	<extraSourceFiles>
		<sourceFile filename="register.lua"/>
	</extraSourceFiles>

	<inputBindings>
		<input name="AUTO_TRACTOR_HELPPANEL" 	  category="VEHICLE" key1="KEY_5" 	    key2="" button="" device="0" mouse="" visible="false" />
		<input name="AUTO_TRACTOR_STEER"        category="VEHICLE" key1="KEY_lctrl KEY_6" key2="" button="" device="0" mouse="" visible="false" />
		<input name="AUTO_TRACTOR_SWAP_SIDE"    category="VEHICLE" key1="KEY_6" key2="" button="" device="0" mouse="" visible="false" />
		<input name="AUTO_TRACTOR_ENABLE"       category="VEHICLE" key1="KEY_lctrl KEY_5" key2="" button="" device="0" mouse="" visible="false" />
	</inputBindings>

	<l10n>
		<text name="AUTO_TRACTOR_VERSION">
			<en>AutoTractor v2.1 b1</en>
			<de>AutoTractor v2.1 b1</de>
			<fr>AutoTractor v2.1 b1</fr>
		</text>
		<!--AutoTractor helpPanel text-->
		<text name="AUTO_TRACTOR_START">
			<en>AutoTractor on</en>
			<de>Alternativer Helfer</de>
			<fr>AutoTractor On</fr>
		</text>
		<text name="AUTO_TRACTOR_STOP">
			<en>AutoTractor off</en>
			<de>Normaler Helfer</de>
			<fr>AutoTractor Off</fr>
		</text>
		<text name="AUTO_TRACTOR_WORKWIDTH">
			<en>workwidth:</en>
			<de>Arbeitsbreite:</de>
			<fr>Larg. travail:</fr>
		</text>
		<text name="AUTO_TRACTOR_ACTIVESIDELEFT">
			<en>active side: LEFT</en>
			<de>Aktive Seite: LINKS</de>
			<fr>Côté actif: Gauche</fr>
		</text>
		<text name="AUTO_TRACTOR_ACTIVESIDERIGHT">
			<en>active side: RIGHT</en>
			<de>Aktive Seite: RECHTS</de>
			<fr>Côté actif: Droit</fr>
		</text>		

		<text name="AUTO_TRACTOR_WAITMODE_ON">
			<en>unload mode [standing]</en>
			<de>Abtankmodus [stehend]</de>
			<fr>Déchargement [A l'arrêt]</fr>
		</text>	
		<text name="AUTO_TRACTOR_WAITMODE_OFF">
			<en>unload mode [driving]</en>
			<de>Abtankmodus [fahrend]</de>	
			<fr>Déchargement [En marche]</fr>
		</text>
		<!--text name="AUTO_TRACTOR_WAITMODE_ON_EXPLANATION">
			<en>combine discharges while standing</en>
			<de>Mähdrescher tankt im Stehen ab</de>			
		</text>
		<text name="AUTO_TRACTOR_WAITMODE_OFF_EXPLANATION">
			<en>combine discharges while driving</en>
			<de>Mähdrescher tankt während der Fahrt ab</de>			
		</text-->		
		<text name="AUTO_TRACTOR_COLLISIONTRIGGERMODE_ON">
			<en>distance keeper is ON</en>
			<de>Abstandshalter ist AN </de>	
			<fr>Distance de sécurité On</fr>
		</text>	
		<text name="AUTO_TRACTOR_COLLISIONTRIGGERMODE_OFF">
			<en>distance keeper is OFF</en>
			<de>Abstandshalter ist AUS</de>
			<fr>Distance de sécurité Off</fr>
		</text>
		<!--text name="AUTO_TRACTOR_COLLISIONTRIGGER_ON_EXPLANATION">
			<en>(combine keeps distance from vehicles ahead)</en>
			<de>(Mähdrescher hält Abstand zu anderen Fahrzeugen)</de>			
		</text>
		<text name="AUTO_TRACTOR_COLLISIONTRIGGER_OFF_EXPLANATION">
			<en>(combine does not keep a distance from vehicles ahead)</en>
			<de>(Mähdrescher hält keinen Abstand zu anderen Fahrzeugen)</de>			
		</text-->			
		<!--AutoTractor help text-->
		<text name="AUTO_TRACTOR_TEXTHELPPANELOFF">
			<en>hide AutoTractor info</en>
			<de>AutoTractor-Info ausschalten</de>
			<fr>Masquer Infos AutoTractor</fr>
		</text>	
		<text name="AUTO_TRACTOR_TEXTHELPPANELON">
			<en>show AutoTractor info</en>
			<de>AutoTractor-Info einschalten</de>	
			<fr>Afficher Infos AutoTractor</fr>
		</text>		
		<!--AutoTractor inputbinding text-->
		<text name="AUTO_TRACTOR_COLLISION_OTHER">
			<en>front collision</en>
			<de>Kollision vorne</de>	
			<fr>Collision frontale</fr>
		</text>
		<text name="AUTO_TRACTOR_COLLISION_BACK">
			<en>back collision</en>
			<de>Kollision hinten</de>
			<fr>Collision arrière</fr>
		</text>
		<text name="AUTO_TRACTOR_UTURN_ON">
			<en>AutoTractor mode [up/down]</en>
			<de>AutoTractor-Modus [auf/ab]</de>	
			<fr>Mode AutoTractor [Haut/Bas]</fr>
		</text>	
		<text name="AUTO_TRACTOR_UTURN_OFF">
			<en>AutoTractor mode [circle]</en>
			<de>AutoTractor-Modus [Kreisfahrt]</de>	
			<fr>Mode AutoTractor [cercle]</fr>
		</text>
		<text name="AUTO_TRACTOR_REVERSE_ON">
			<en>turn mode [reverse]</en>
			<de>Wendemodus [rückwärts]</de>			
			<fr>Virage [manoeuvre]</fr>
		</text>	
		<text name="AUTO_TRACTOR_REVERSE_OFF">
			<en>turn mode [driving]</en>
			<de>Wendemodus [vorwärts]</de>	
			<fr>Virage [En avançant]</fr>
		</text>
		<text name="AUTO_TRACTOR_INVERTED_ON">
			<en>working mode [reverse]</en>
			<de>Arbeitsmodus [rückwärts]</de>
			<fr>Mode travail [inversé]</fr>
		</text>	
		<text name="AUTO_TRACTOR_INVERTED_OFF">
			<en>working mode [normal]</en>
			<de>Arbeitsmodus [vorwärts]</de>
			<fr>Mode travail [normal]</fr>
		</text>
		<text name="AUTO_TRACTOR_WIDTH_OFFSET">
			<en>width offset</en>
			<de>Offset (Breite)</de>
			<fr>Décalage Largeur</fr>
		</text>	
		<text name="AUTO_TRACTOR_TURN_OFFSET">
			<en>turn offset</en>
			<de>Offset (Wendemanöver)</de>
			<fr>Décalage virage</fr>
		</text>
		<text name="AUTO_TRACTOR_ANGLE_OFFSET">
			<en>turn angle</en>
			<de>Lenkwinkel</de>
			<fr>Angle virage</fr>
		</text>
		<text name="AUTO_TRACTOR_ERROR">
			<en>error</en>
			<de>Error</de>
			<fr>Erreur</fr>
		</text>
		<text name="AUTO_TRACTOR_NEXTTURNSTAGE">
			<en>go to next turn stage</en>
			<de>Springe zum nächsten Schritt</de>
			<fr>Point virage suivant</fr>
		</text>
		<text name="AUTO_TRACTOR_CP_ON">
			<en>courseplay mode [off]</en>
			<de>Courseplay-Modus [aus]</de>	
			<fr>courseplay mode [off]</fr>
		</text>
		<text name="AUTO_TRACTOR_CP_OFF">
			<en>courseplay mode [on]</en>
			<de>Courseplay-Modus [an]</de>	
			<fr>courseplay mode [on]</fr>
		</text>
		<text name="AUTO_TRACTOR_STEER_ON">
			<en>auto steer [off]</en>
			<de>Autom. Lenkung [aus]</de>
			<fr>Pilotage auto [off]</fr>
		</text>
		<text name="AUTO_TRACTOR_STEER_OFF">
			<en>auto steer [on]</en>
			<de>Autom. Lenkung [an]</de>	
			<fr>Pilotage auto [on]</fr>
		</text>
		<text name="AUTO_TRACTOR_HEADLAND_ON">
			<en>headland [off]</en>
			<de>Vorgewende [aus]</de>	
			<fr>Headland Off</fr>
		</text>
		<text name="AUTO_TRACTOR_HEADLAND_OFF">
			<en>headland [on]</en>
			<de>Vorgewende [an]</de>	
			<fr>Headland On</fr>
		</text>
		<text name="AUTO_TRACTOR_FRONT_PACKER_ON">
			<en>front packer [on]</en>
			<de>Front Packer [an]</de>	
			<fr>Compacteur frontal On</fr>
		</text>
		<text name="AUTO_TRACTOR_FRONT_PACKER_OFF">
			<en>front packer [off]</en>
			<de>Front Packer [aus]</de>
			<fr>Compacteur frontal Off</fr>
		</text>		
		<text name="AUTO_TRACTOR_COLLISION_ON">
			<en>collision check [on]</en>
			<de>Kollisionsprüfung [an]</de>
			<fr>Vérif. collision On</fr>
		</text>
		<text name="AUTO_TRACTOR_COLLISION_OFF">
			<en>collision check [off]</en>
			<de>Kollisionsprüfung [aus]</de>
			<fr>Vérif. collision Off</fr>
		</text>
		<text name="AUTO_TRACTOR_HIRE_ON">
			<en>seed usage [off]</en>
			<de>Saatgutverbrauch [aus]</de>	
			<fr>Conso. semences On</fr>
		</text>
		<text name="AUTO_TRACTOR_HIRE_OFF">
			<en>seed usage [on]</en>
			<de>Saatgutverbrauch [an]</de>	
			<fr>Conso. semences Off</fr>
		</text>
		<text name ="AUTO_TRACTOR_HEADLAND">
			<en>headland</en>
			<de>Vorgewende</de>
			<fr>Headland</fr>
		</text>
		<text name="AUTO_TRACTOR_TURN_MODE_O">
			<en>U-turn without going back</en>
			<de>180° Wende ohne Rückwärts</de>
			<fr>Virage U sans marche arrière</fr>
		</text>
		<text name="AUTO_TRACTOR_TURN_MODE_A">
			<en>small U-turn</en>
			<de>Kleine 180° Wende</de>
			<fr>Virage U serré</fr>
		</text>
		<text name="AUTO_TRACTOR_TURN_MODE_Y">
			<en>medium U-turn</en>
			<de>Mittlere 180° Wende</de>
			<fr>Virage U moyen</fr>
		</text>
		<text name="AUTO_TRACTOR_TURN_MODE_T">
			<en>big U-turn</en>
			<de>Große 180° Wende</de>
			<fr>Virage U large</fr>
		</text>
		<text name="AUTO_TRACTOR_TURN_MODE_C">
			<en>90° turn without going back</en>
			<de>90° Wende ohne Rückwärts</de>
			<fr>Virage 90° sans marche arrière</fr>
		</text>
		<text name="AUTO_TRACTOR_TURN_MODE_L">
			<en>small 90° turn</en>
			<de>Kleine 90° Wende</de>
			<fr>Virage serré 90°</fr>
		</text>
		<text name="AUTO_TRACTOR_TURN_MODE_K">
			<en>big 90° turn</en>
			<de>Große 90° Wende</de>
			<fr>Large virage 90°</fr>
		</text>

		<text name="AUTO_TRACTOR_1">
			<en>speed level 1</en>
			<de>Geschwindigkeitsstufe 1</de>
			<fr>Limiteur vit. 1</fr>
		</text>
		<text name="AUTO_TRACTOR_2">
			<en>speed level 2</en>
			<de>Geschwindigkeitsstufe 2</de>
			<fr>Limiteur vit. 2</fr>
		</text>
		<text name="AUTO_TRACTOR_3">
			<en>speed level 3</en>
			<de>Geschwindigkeitsstufe 3</de>
			<fr>Limiteur vit. 3</fr>
		</text>
		<text name="AUTO_TRACTOR_4">
			<en>speed level 4</en>
			<de>Geschwindigkeitsstufe 4</de>
			<fr>Limiteur vit. 4</fr>
		</text>

	</l10n>
</modDesc>