<?xml version="1.0" encoding="utf-8" standalone="no" ?>
<l10n>
	<!-- Note that 'description' is only here for easier translations. It needs to be manually copied to ModDesc.XML later. -->
	<description><![CDATA[Auto Tractor]]></description>

	<texts>
		<!--AutoTractor helpPanel text-->
		<text name="AUTO_TRACTOR_START" text="AutoTractor включён" />
		<text name="AUTO_TRACTOR_STOP" text="AutoTractor выключен" />
		<text name="AUTO_TRACTOR_WORKWIDTH" text="Рабочая ширина:" />
		<text name="AUTO_TRACTOR_ACTIVESIDELEFT" text="Активная сторона: ЛЕВАЯ" />
		<text name="AUTO_TRACTOR_ACTIVESIDERIGHT" text="Активная сторона: ПРАВАЯ" />

		<text name="AUTO_TRACTOR_WAITMODE_ON" text="Режим разгрузки [останавливаясь]" />
		<text name="AUTO_TRACTOR_WAITMODE_OFF" text="Режим разгрузки [в движении]" />
		<text name="AUTO_TRACTOR_COLLISIONTRIGGERMODE_ON" text="удерживать дистанцию" />
		<text name="AUTO_TRACTOR_COLLISIONTRIGGERMODE_OFF" text="не удерживать дистанцию" />
		<!--AutoTractor help text-->
		<text name="AUTO_TRACTOR_TEXTHELPPANELOFF" text="Скрыть AutoTractor" />
		<text name="AUTO_TRACTOR_TEXTHELPPANELON" text="Показать AutoTractor" />
		<!--AutoTractor inputbinding text-->
		<text name="AUTO_TRACTOR_COLLISION_OTHER" text="Коллизия спереди" />
		<text name="AUTO_TRACTOR_COLLISION_BACK" text="Коллизия сзади" />
		<text name="AUTO_TRACTOR_UTURN_ON" text="Режим AutoTractor [челночный]" />
		<text name="AUTO_TRACTOR_UTURN_OFF" text="Режим AutoTractor [по периметру]" />
		<text name="AUTO_TRACTOR_REVERSE_ON" text="Режим разворота [реверс]" />
		<text name="AUTO_TRACTOR_REVERSE_OFF" text="Режим разворота [прямо]" />
		<text name="AUTO_TRACTOR_INVERTED_ON" text="Режим работы [реверс]" />
		<text name="AUTO_TRACTOR_INVERTED_OFF" text="Режим работы [нормальный]" />
		<text name="AUTO_TRACTOR_WIDTH_OFFSET" text="Ширина смещения" />
		<text name="AUTO_TRACTOR_TURN_OFFSET" text="Развернуть смещение" />
		<text name="AUTO_TRACTOR_ANGLE_OFFSET" text="Угол поворота" />
		<text name="AUTO_TRACTOR_ERROR" text="ошибка" />
		<text name="AUTO_TRACTOR_NEXTTURNSTAGE" text="К следующему этапу" />
		<text name="AUTO_TRACTOR_CP_ON" text="Режим courseplay [ВЫКЛ]" />
		<text name="AUTO_TRACTOR_CP_OFF" text="Режим courseplay [ВКЛ]" />
		<text name="AUTO_TRACTOR_STEER_ON" text="Авторуление [ВЫКЛ]" />
		<text name="AUTO_TRACTOR_STEER_OFF" text="Авторуление [ВКЛ]" />
		<text name="AUTO_TRACTOR_HEADLAND_ON" text="Мыс [ВЫКЛ]" />
		<text name="AUTO_TRACTOR_HEADLAND_OFF" text="Мыс [ВКЛ]" />
		<text name="AUTO_TRACTOR_FRONT_PACKER_ON" text="Передний культиватор [ВКЛ]" />
		<text name="AUTO_TRACTOR_FRONT_PACKER_OFF" text="Передний культиватор [ВЫКЛ]" />
		<text name="AUTO_TRACTOR_COLLISION_ON" text="Проверка коллизий [ВКЛ]" />
		<text name="AUTO_TRACTOR_COLLISION_OFF" text="Проверка коллизий [ВЫКЛ]" />
		<text name="AUTO_TRACTOR_HIRE_ON" text="Не расходовать семена" />
		<text name="AUTO_TRACTOR_HIRE_OFF" text="Расходовать семена" />
		<text name ="AUTO_TRACTOR_HEADLAND" text="Мыс" />
		<text name="AUTO_TRACTOR_TURN_MODE_O" text="Разворот на 180° без реверса" />
		<text name="AUTO_TRACTOR_TURN_MODE_A" text="Малый разворот на 180°" />
		<text name="AUTO_TRACTOR_TURN_MODE_Y" text="Средний разворот на 180°" />
		<text name="AUTO_TRACTOR_TURN_MODE_T" text="Большой разворот на 180°" />
		<text name="AUTO_TRACTOR_TURN_MODE_C" text="Поворот на 90° без реверса" />
		<text name="AUTO_TRACTOR_TURN_MODE_L" text="Малый поворот на 90°" />
		<text name="AUTO_TRACTOR_TURN_MODE_K" text="Большой поворот на 90°" />
		<text name="AUTO_TRACTOR_TURN_MODE_8" text="Разворот на 180° без реверса" />
		
		<text name="AUTO_TRACTOR_1" text="Скоростной режим 1" />
		<text name="AUTO_TRACTOR_2" text="Скоростной режим 2" />
		<text name="AUTO_TRACTOR_3" text="Скоростной режим 3" />
		<text name="AUTO_TRACTOR_4" text="Скоростной режим 4" />
	</texts>
</l10n>
